recipe_name,output_product,yield_quantity,overhead_cost,overhead_cost_type,notes,ingredient_item,ingredient_quantity,ingredient_unit
Chocolate Cake 1 lbs,IT0380,1,40,fixed,,IT0014,0.125,
Chocolate Cake 1 lbs,IT0380,1,40,fixed,,IT0042,2.5,
Chocolate Cake 1 lbs,IT0380,1,40,fixed,,IT0063,0.0125,
Chocolate Cake 1 lbs,IT0380,1,40,fixed,,IT0061,0.0025,
Chocolate Cake 1 lbs,IT0380,1,40,fixed,,IT0095,1,
Chocolate Cake 1 lbs,IT0380,1,40,fixed,,IT0015,0.375,
Chocolate Cake 1 lbs,IT0380,1,40,fixed,,IT0016,0.375,
Chocolate Cake 1 lbs,IT0380,1,40,fixed,,IT0037,0.005,
Chocolate Cake 1 lbs,IT0380,1,40,fixed,,IT0092,0.01875,
Chocolate Cake 1 lbs,IT0380,1,40,fixed,,IT0023,1,
Chocolate Cake 1 lbs,IT0380,1,40,fixed,,IT0017,1,
Chocolate Cake 1 lbs,IT0380,1,40,fixed,,IT0012,1,
Chocolate Cake 1 lbs,IT0380,1,40,fixed,,IT0036,0.125,
Chocolate Cake 2 lbs,IT0381,1,40,fixed,,IT0014,0.25,
Chocolate Cake 2 lbs,IT0381,1,40,fixed,,IT0042,5,
Chocolate Cake 2 lbs,IT0381,1,40,fixed,,IT0063,0.025,
Chocolate Cake 2 lbs,IT0381,1,40,fixed,,IT0061,0.005,
Chocolate Cake 2 lbs,IT0381,1,40,fixed,,IT0095,2,
Chocolate Cake 2 lbs,IT0381,1,40,fixed,,IT0015,0.75,
Chocolate Cake 2 lbs,IT0381,1,40,fixed,,IT0016,0.75,
Chocolate Cake 2 lbs,IT0381,1,40,fixed,,IT0037,0.01,
Chocolate Cake 2 lbs,IT0381,1,40,fixed,,IT0092,0.0375,
Chocolate Cake 2 lbs,IT0381,1,40,fixed,,IT0023,1,
Chocolate Cake 2 lbs,IT0381,1,40,fixed,,IT0017,1,
Chocolate Cake 2 lbs,IT0381,1,40,fixed,,IT0012,1,
Chocolate Cake 2 lbs,IT0381,1,40,fixed,,IT0036,0.25,
Chocolate Cake 3 lbs,IT0382,1,40,fixed,,IT0014,0.375,
Chocolate Cake 3 lbs,IT0382,1,40,fixed,,IT0042,7.5,
Chocolate Cake 3 lbs,IT0382,1,40,fixed,,IT0063,0.0375,
Chocolate Cake 3 lbs,IT0382,1,40,fixed,,IT0061,0.0075,
Chocolate Cake 3 lbs,IT0382,1,40,fixed,,IT0095,3,
Chocolate Cake 3 lbs,IT0382,1,40,fixed,,IT0015,1.125,
Chocolate Cake 3 lbs,IT0382,1,40,fixed,,IT0016,1.125,
Chocolate Cake 3 lbs,IT0382,1,40,fixed,,IT0037,0.015,
Chocolate Cake 3 lbs,IT0382,1,40,fixed,,IT0092,0.05625,
Chocolate Cake 3 lbs,IT0382,1,40,fixed,,IT0023,1,
Chocolate Cake 3 lbs,IT0382,1,40,fixed,,IT0017,1,
Chocolate Cake 3 lbs,IT0382,1,40,fixed,,IT0012,1,
Chocolate Cake 3 lbs,IT0382,1,40,fixed,,IT0036,0.375,
Chocolate Cake 4 lbs,IT0383,1,40,fixed,,IT0014,0.5,
Chocolate Cake 4 lbs,IT0383,1,40,fixed,,IT0042,10,
Chocolate Cake 4 lbs,IT0383,1,40,fixed,,IT0063,0.05,
Chocolate Cake 4 lbs,IT0383,1,40,fixed,,IT0061,0.01,
Chocolate Cake 4 lbs,IT0383,1,40,fixed,,IT0095,4,
Chocolate Cake 4 lbs,IT0383,1,40,fixed,,IT0015,1.5,
Chocolate Cake 4 lbs,IT0383,1,40,fixed,,IT0016,1.5,
Chocolate Cake 4 lbs,IT0383,1,40,fixed,,IT0037,0.02,
Chocolate Cake 4 lbs,IT0383,1,40,fixed,,IT0092,0.075,
Chocolate Cake 4 lbs,IT0383,1,40,fixed,,IT0023,1,
Chocolate Cake 4 lbs,IT0383,1,40,fixed,,IT0017,1,
Chocolate Cake 4 lbs,IT0383,1,40,fixed,,IT0012,1,
Chocolate Cake 4 lbs,IT0383,1,40,fixed,,IT0036,0.5,
Chocolate Cake 5 lbs,IT0384,1,40,fixed,,IT0014,0.625,
Chocolate Cake 5 lbs,IT0384,1,40,fixed,,IT0042,12.5,
Chocolate Cake 5 lbs,IT0384,1,40,fixed,,IT0063,0.0625,
Chocolate Cake 5 lbs,IT0384,1,40,fixed,,IT0061,0.0125,
Chocolate Cake 5 lbs,IT0384,1,40,fixed,,IT0095,5,
Chocolate Cake 5 lbs,IT0384,1,40,fixed,,IT0015,1.875,
Chocolate Cake 5 lbs,IT0384,1,40,fixed,,IT0016,1.875,
Chocolate Cake 5 lbs,IT0384,1,40,fixed,,IT0037,0.025,
Chocolate Cake 5 lbs,IT0384,1,40,fixed,,IT0092,0.09375,
Chocolate Cake 5 lbs,IT0384,1,40,fixed,,IT0023,1,
Chocolate Cake 5 lbs,IT0384,1,40,fixed,,IT0017,1,
Chocolate Cake 5 lbs,IT0384,1,40,fixed,,IT0012,1,
Chocolate Cake 5 lbs,IT0384,1,40,fixed,,IT0036,0.625,
Chocolate Cake 6 lbs,IT0385,1,40,fixed,,IT0014,0.75,
Chocolate Cake 6 lbs,IT0385,1,40,fixed,,IT0042,15,
Chocolate Cake 6 lbs,IT0385,1,40,fixed,,IT0063,0.075,
Chocolate Cake 6 lbs,IT0385,1,40,fixed,,IT0061,0.015,
Chocolate Cake 6 lbs,IT0385,1,40,fixed,,IT0095,6,
Chocolate Cake 6 lbs,IT0385,1,40,fixed,,IT0015,2.25,
Chocolate Cake 6 lbs,IT0385,1,40,fixed,,IT0016,2.25,
Chocolate Cake 6 lbs,IT0385,1,40,fixed,,IT0037,0.03,
Chocolate Cake 6 lbs,IT0385,1,40,fixed,,IT0092,0.1125,
Chocolate Cake 6 lbs,IT0385,1,40,fixed,,IT0023,1,
Chocolate Cake 6 lbs,IT0385,1,40,fixed,,IT0017,1,
Chocolate Cake 6 lbs,IT0385,1,40,fixed,,IT0012,1,
Chocolate Cake 6 lbs,IT0385,1,40,fixed,,IT0036,0.75,
Chocolate Cake 7 lbs,IT0386,1,40,fixed,,IT0014,0.875,
Chocolate Cake 7 lbs,IT0386,1,40,fixed,,IT0042,17.5,
Chocolate Cake 7 lbs,IT0386,1,40,fixed,,IT0063,0.0875,
Chocolate Cake 7 lbs,IT0386,1,40,fixed,,IT0061,0.0175,
Chocolate Cake 7 lbs,IT0386,1,40,fixed,,IT0095,7,
Chocolate Cake 7 lbs,IT0386,1,40,fixed,,IT0015,2.625,
Chocolate Cake 7 lbs,IT0386,1,40,fixed,,IT0016,2.625,
Chocolate Cake 7 lbs,IT0386,1,40,fixed,,IT0037,0.035,
Chocolate Cake 7 lbs,IT0386,1,40,fixed,,IT0092,0.13125,
Chocolate Cake 7 lbs,IT0386,1,40,fixed,,IT0024,1,
Chocolate Cake 7 lbs,IT0386,1,40,fixed,,IT0018,1,
Chocolate Cake 7 lbs,IT0386,1,40,fixed,,IT0012,1,
Chocolate Cake 7 lbs,IT0386,1,40,fixed,,IT0036,0.875,
Chocolate Cake 8 lbs,IT0387,1,40,fixed,,IT0014,1,
Chocolate Cake 8 lbs,IT0387,1,40,fixed,,IT0042,20,
Chocolate Cake 8 lbs,IT0387,1,40,fixed,,IT0063,0.1,
Chocolate Cake 8 lbs,IT0387,1,40,fixed,,IT0061,0.02,
Chocolate Cake 8 lbs,IT0387,1,40,fixed,,IT0095,8,
Chocolate Cake 8 lbs,IT0387,1,40,fixed,,IT0015,3,
Chocolate Cake 8 lbs,IT0387,1,40,fixed,,IT0016,3,
Chocolate Cake 8 lbs,IT0387,1,40,fixed,,IT0037,0.04,
Chocolate Cake 8 lbs,IT0387,1,40,fixed,,IT0092,0.15,
Chocolate Cake 8 lbs,IT0387,1,40,fixed,,IT0024,1,
Chocolate Cake 8 lbs,IT0387,1,40,fixed,,IT0018,1,
Chocolate Cake 8 lbs,IT0387,1,40,fixed,,IT0012,1,
Chocolate Cake 8 lbs,IT0387,1,40,fixed,,IT0036,1,
Chocolate Cake 9 lbs,IT0388,1,40,fixed,,IT0014,1.125,
Chocolate Cake 9 lbs,IT0388,1,40,fixed,,IT0042,22.5,
Chocolate Cake 9 lbs,IT0388,1,40,fixed,,IT0063,0.1125,
Chocolate Cake 9 lbs,IT0388,1,40,fixed,,IT0061,0.0225,
Chocolate Cake 9 lbs,IT0388,1,40,fixed,,IT0095,9,
Chocolate Cake 9 lbs,IT0388,1,40,fixed,,IT0015,3.375,
Chocolate Cake 9 lbs,IT0388,1,40,fixed,,IT0016,3.375,
Chocolate Cake 9 lbs,IT0388,1,40,fixed,,IT0037,0.045,
Chocolate Cake 9 lbs,IT0388,1,40,fixed,,IT0092,0.16875,
Chocolate Cake 9 lbs,IT0388,1,40,fixed,,IT0024,1,
Chocolate Cake 9 lbs,IT0388,1,40,fixed,,IT0018,1,
Chocolate Cake 9 lbs,IT0388,1,40,fixed,,IT0012,1,
Chocolate Cake 9 lbs,IT0388,1,40,fixed,,IT0036,1.125,
Chocolate Cake 10 lbs,IT0389,1,40,fixed,,IT0014,1.25,
Chocolate Cake 10 lbs,IT0389,1,40,fixed,,IT0042,25,
Chocolate Cake 10 lbs,IT0389,1,40,fixed,,IT0063,0.125,
Chocolate Cake 10 lbs,IT0389,1,40,fixed,,IT0061,0.025,
Chocolate Cake 10 lbs,IT0389,1,40,fixed,,IT0095,10,
Chocolate Cake 10 lbs,IT0389,1,40,fixed,,IT0015,3.75,
Chocolate Cake 10 lbs,IT0389,1,40,fixed,,IT0016,3.75,
Chocolate Cake 10 lbs,IT0389,1,40,fixed,,IT0037,0.05,
Chocolate Cake 10 lbs,IT0389,1,40,fixed,,IT0092,0.1875,
Chocolate Cake 10 lbs,IT0389,1,40,fixed,,IT0024,1,
Chocolate Cake 10 lbs,IT0389,1,40,fixed,,IT0018,1,
Chocolate Cake 10 lbs,IT0389,1,40,fixed,,IT0012,1,
Chocolate Cake 10 lbs,IT0389,1,40,fixed,,IT0036,1.25,
Chocolate Cake 11 lbs,IT0390,1,40,fixed,,IT0014,1.375,
Chocolate Cake 11 lbs,IT0390,1,40,fixed,,IT0042,27.5,
Chocolate Cake 11 lbs,IT0390,1,40,fixed,,IT0063,0.1375,
Chocolate Cake 11 lbs,IT0390,1,40,fixed,,IT0061,0.0275,
Chocolate Cake 11 lbs,IT0390,1,40,fixed,,IT0095,11,
Chocolate Cake 11 lbs,IT0390,1,40,fixed,,IT0015,4.125,
Chocolate Cake 11 lbs,IT0390,1,40,fixed,,IT0016,4.125,
Chocolate Cake 11 lbs,IT0390,1,40,fixed,,IT0037,0.055,
Chocolate Cake 11 lbs,IT0390,1,40,fixed,,IT0092,0.20625,
Chocolate Cake 11 lbs,IT0390,1,40,fixed,,IT0024,1,
Chocolate Cake 11 lbs,IT0390,1,40,fixed,,IT0018,1,
Chocolate Cake 11 lbs,IT0390,1,40,fixed,,IT0012,1,
Chocolate Cake 11 lbs,IT0390,1,40,fixed,,IT0036,1.375,
Chocolate Cake 12 lbs,IT0391,1,40,fixed,,IT0014,1.5,
Chocolate Cake 12 lbs,IT0391,1,40,fixed,,IT0042,30,
Chocolate Cake 12 lbs,IT0391,1,40,fixed,,IT0063,0.15,
Chocolate Cake 12 lbs,IT0391,1,40,fixed,,IT0061,0.03,
Chocolate Cake 12 lbs,IT0391,1,40,fixed,,IT0095,12,
Chocolate Cake 12 lbs,IT0391,1,40,fixed,,IT0015,4.5,
Chocolate Cake 12 lbs,IT0391,1,40,fixed,,IT0016,4.5,
Chocolate Cake 12 lbs,IT0391,1,40,fixed,,IT0037,0.06,
Chocolate Cake 12 lbs,IT0391,1,40,fixed,,IT0092,0.225,
Chocolate Cake 12 lbs,IT0391,1,40,fixed,,IT0024,1,
Chocolate Cake 12 lbs,IT0391,1,40,fixed,,IT0018,1,
Chocolate Cake 12 lbs,IT0391,1,40,fixed,,IT0012,1,
Chocolate Cake 12 lbs,IT0391,1,40,fixed,,IT0036,1.5,
Chocolate Cake 13 lbs,IT0392,1,40,fixed,,IT0014,1.625,
Chocolate Cake 13 lbs,IT0392,1,40,fixed,,IT0042,32.5,
Chocolate Cake 13 lbs,IT0392,1,40,fixed,,IT0063,0.1625,
Chocolate Cake 13 lbs,IT0392,1,40,fixed,,IT0061,0.0325,
Chocolate Cake 13 lbs,IT0392,1,40,fixed,,IT0095,13,
Chocolate Cake 13 lbs,IT0392,1,40,fixed,,IT0015,4.875,
Chocolate Cake 13 lbs,IT0392,1,40,fixed,,IT0016,4.875,
Chocolate Cake 13 lbs,IT0392,1,40,fixed,,IT0037,0.065,
Chocolate Cake 13 lbs,IT0392,1,40,fixed,,IT0092,0.24375,
Chocolate Cake 13 lbs,IT0392,1,40,fixed,,IT0024,1,
Chocolate Cake 13 lbs,IT0392,1,40,fixed,,IT0018,1,
Chocolate Cake 13 lbs,IT0392,1,40,fixed,,IT0012,1,
Chocolate Cake 13 lbs,IT0392,1,40,fixed,,IT0036,1.625,
Chocolate Cake 14 lbs,IT0393,1,40,fixed,,IT0014,1.75,
Chocolate Cake 14 lbs,IT0393,1,40,fixed,,IT0042,35,
Chocolate Cake 14 lbs,IT0393,1,40,fixed,,IT0063,0.175,
Chocolate Cake 14 lbs,IT0393,1,40,fixed,,IT0061,0.035,
Chocolate Cake 14 lbs,IT0393,1,40,fixed,,IT0095,14,
Chocolate Cake 14 lbs,IT0393,1,40,fixed,,IT0015,5.25,
Chocolate Cake 14 lbs,IT0393,1,40,fixed,,IT0016,5.25,
Chocolate Cake 14 lbs,IT0393,1,40,fixed,,IT0037,0.07,
Chocolate Cake 14 lbs,IT0393,1,40,fixed,,IT0092,0.2625,
Chocolate Cake 14 lbs,IT0393,1,40,fixed,,IT0024,1,
Chocolate Cake 14 lbs,IT0393,1,40,fixed,,IT0018,1,
Chocolate Cake 14 lbs,IT0393,1,40,fixed,,IT0012,1,
Chocolate Cake 14 lbs,IT0393,1,40,fixed,,IT0036,1.75,
Chocolate Cake 15 lbs,IT0394,1,40,fixed,,IT0014,1.875,
Chocolate Cake 15 lbs,IT0394,1,40,fixed,,IT0042,37.5,
Chocolate Cake 15 lbs,IT0394,1,40,fixed,,IT0063,0.1875,
Chocolate Cake 15 lbs,IT0394,1,40,fixed,,IT0061,0.0375,
Chocolate Cake 15 lbs,IT0394,1,40,fixed,,IT0095,15,
Chocolate Cake 15 lbs,IT0394,1,40,fixed,,IT0015,5.625,
Chocolate Cake 15 lbs,IT0394,1,40,fixed,,IT0016,5.625,
Chocolate Cake 15 lbs,IT0394,1,40,fixed,,IT0037,0.075,
Chocolate Cake 15 lbs,IT0394,1,40,fixed,,IT0092,0.28125,
Chocolate Cake 15 lbs,IT0394,1,40,fixed,,IT0024,1,
Chocolate Cake 15 lbs,IT0394,1,40,fixed,,IT0018,1,
Chocolate Cake 15 lbs,IT0394,1,40,fixed,,IT0012,1,
Chocolate Cake 15 lbs,IT0394,1,40,fixed,,IT0036,1.875,
Chocolate Cake 16 lbs,IT0395,1,40,fixed,,IT0014,2,
Chocolate Cake 16 lbs,IT0395,1,40,fixed,,IT0042,40,
Chocolate Cake 16 lbs,IT0395,1,40,fixed,,IT0063,0.2,
Chocolate Cake 16 lbs,IT0395,1,40,fixed,,IT0061,0.04,
Chocolate Cake 16 lbs,IT0395,1,40,fixed,,IT0095,16,
Chocolate Cake 16 lbs,IT0395,1,40,fixed,,IT0015,6,
Chocolate Cake 16 lbs,IT0395,1,40,fixed,,IT0016,6,
Chocolate Cake 16 lbs,IT0395,1,40,fixed,,IT0037,0.08,
Chocolate Cake 16 lbs,IT0395,1,40,fixed,,IT0092,0.3,
Chocolate Cake 16 lbs,IT0395,1,40,fixed,,IT0024,1,
Chocolate Cake 16 lbs,IT0395,1,40,fixed,,IT0018,1,
Chocolate Cake 16 lbs,IT0395,1,40,fixed,,IT0012,1,
Chocolate Cake 16 lbs,IT0395,1,40,fixed,,IT0036,2,
Chocolate Cake 17 lbs,IT0396,1,40,fixed,,IT0014,2.25,
Chocolate Cake 17 lbs,IT0396,1,40,fixed,,IT0042,45,
Chocolate Cake 17 lbs,IT0396,1,40,fixed,,IT0063,0.225,
Chocolate Cake 17 lbs,IT0396,1,40,fixed,,IT0061,0.045,
Chocolate Cake 17 lbs,IT0396,1,40,fixed,,IT0095,18,
Chocolate Cake 17 lbs,IT0396,1,40,fixed,,IT0015,6.75,
Chocolate Cake 17 lbs,IT0396,1,40,fixed,,IT0016,6.75,
Chocolate Cake 17 lbs,IT0396,1,40,fixed,,IT0037,0.09,
Chocolate Cake 17 lbs,IT0396,1,40,fixed,,IT0092,0.3375,
Chocolate Cake 17 lbs,IT0396,1,40,fixed,,IT0024,1,
Chocolate Cake 17 lbs,IT0396,1,40,fixed,,IT0018,1,
Chocolate Cake 17 lbs,IT0396,1,40,fixed,,IT0012,1,
Chocolate Cake 17 lbs,IT0396,1,40,fixed,,IT0036,2.125,
Chocolate Cake 18 lbs,IT0397,1,40,fixed,,IT0014,2.25,
Chocolate Cake 18 lbs,IT0397,1,40,fixed,,IT0042,45,
Chocolate Cake 18 lbs,IT0397,1,40,fixed,,IT0063,0.225,
Chocolate Cake 18 lbs,IT0397,1,40,fixed,,IT0061,0.045,
Chocolate Cake 18 lbs,IT0397,1,40,fixed,,IT0095,18,
Chocolate Cake 18 lbs,IT0397,1,40,fixed,,IT0015,6.75,
Chocolate Cake 18 lbs,IT0397,1,40,fixed,,IT0016,6.75,
Chocolate Cake 18 lbs,IT0397,1,40,fixed,,IT0037,0.09,
Chocolate Cake 18 lbs,IT0397,1,40,fixed,,IT0092,0.3375,
Chocolate Cake 18 lbs,IT0397,1,40,fixed,,IT0024,1,
Chocolate Cake 18 lbs,IT0397,1,40,fixed,,IT0018,1,
Chocolate Cake 18 lbs,IT0397,1,40,fixed,,IT0012,1,
Chocolate Cake 18 lbs,IT0397,1,40,fixed,,IT0036,2.25,
Chocolate Cake 19 lbs,IT0398,1,40,fixed,,IT0014,2.375,
Chocolate Cake 19 lbs,IT0398,1,40,fixed,,IT0042,47.5,
Chocolate Cake 19 lbs,IT0398,1,40,fixed,,IT0063,0.2375,
Chocolate Cake 19 lbs,IT0398,1,40,fixed,,IT0061,0.0475,
Chocolate Cake 19 lbs,IT0398,1,40,fixed,,IT0095,19,
Chocolate Cake 19 lbs,IT0398,1,40,fixed,,IT0015,7.125,
Chocolate Cake 19 lbs,IT0398,1,40,fixed,,IT0016,7.125,
Chocolate Cake 19 lbs,IT0398,1,40,fixed,,IT0037,0.095,
Chocolate Cake 19 lbs,IT0398,1,40,fixed,,IT0092,0.35625,
Chocolate Cake 19 lbs,IT0398,1,40,fixed,,IT0024,1,
Chocolate Cake 19 lbs,IT0398,1,40,fixed,,IT0018,1,
Chocolate Cake 19 lbs,IT0398,1,40,fixed,,IT0012,1,
Chocolate Cake 19 lbs,IT0398,1,40,fixed,,IT0036,2.375,
Chocolate Cake 20 lbs,IT0399,1,40,fixed,,IT0014,2.5,
Chocolate Cake 20 lbs,IT0399,1,40,fixed,,IT0042,50,
Chocolate Cake 20 lbs,IT0399,1,40,fixed,,IT0063,0.25,
Chocolate Cake 20 lbs,IT0399,1,40,fixed,,IT0061,0.05,
Chocolate Cake 20 lbs,IT0399,1,40,fixed,,IT0095,20,
Chocolate Cake 20 lbs,IT0399,1,40,fixed,,IT0015,7.5,
Chocolate Cake 20 lbs,IT0399,1,40,fixed,,IT0016,7.5,
Chocolate Cake 20 lbs,IT0399,1,40,fixed,,IT0037,0.1,
Chocolate Cake 20 lbs,IT0399,1,40,fixed,,IT0092,0.375,
Chocolate Cake 20 lbs,IT0399,1,40,fixed,,IT0024,1,
Chocolate Cake 20 lbs,IT0399,1,40,fixed,,IT0018,1,
Chocolate Cake 20 lbs,IT0399,1,40,fixed,,IT0012,1,
Chocolate Cake 20 lbs,IT0399,1,40,fixed,,IT0036,2.5,
Chocolate Cake 21 lbs,IT0400,1,40,fixed,,IT0014,2.625,
Chocolate Cake 21 lbs,IT0400,1,40,fixed,,IT0042,52.5,
Chocolate Cake 21 lbs,IT0400,1,40,fixed,,IT0063,0.2625,
Chocolate Cake 21 lbs,IT0400,1,40,fixed,,IT0061,0.0525,
Chocolate Cake 21 lbs,IT0400,1,40,fixed,,IT0095,21,
Chocolate Cake 21 lbs,IT0400,1,40,fixed,,IT0015,7.875,
Chocolate Cake 21 lbs,IT0400,1,40,fixed,,IT0016,7.875,
Chocolate Cake 21 lbs,IT0400,1,40,fixed,,IT0037,0.105,
Chocolate Cake 21 lbs,IT0400,1,40,fixed,,IT0092,0.39375,
Chocolate Cake 21 lbs,IT0400,1,40,fixed,,IT0024,1,
Chocolate Cake 21 lbs,IT0400,1,40,fixed,,IT0018,1,
Chocolate Cake 21 lbs,IT0400,1,40,fixed,,IT0012,1,
Chocolate Cake 21 lbs,IT0400,1,40,fixed,,IT0036,2.625,
Chocolate Cake 22 lbs,IT0401,1,40,fixed,,IT0014,2.75,
Chocolate Cake 22 lbs,IT0401,1,40,fixed,,IT0042,55,
Chocolate Cake 22 lbs,IT0401,1,40,fixed,,IT0063,0.275,
Chocolate Cake 22 lbs,IT0401,1,40,fixed,,IT0061,0.055,
Chocolate Cake 22 lbs,IT0401,1,40,fixed,,IT0095,22,
Chocolate Cake 22 lbs,IT0401,1,40,fixed,,IT0015,8.25,
Chocolate Cake 22 lbs,IT0401,1,40,fixed,,IT0016,8.25,
Chocolate Cake 22 lbs,IT0401,1,40,fixed,,IT0037,0.11,
Chocolate Cake 22 lbs,IT0401,1,40,fixed,,IT0092,0.4125,
Chocolate Cake 22 lbs,IT0401,1,40,fixed,,IT0024,1,
Chocolate Cake 22 lbs,IT0401,1,40,fixed,,IT0018,1,
Chocolate Cake 22 lbs,IT0401,1,40,fixed,,IT0012,1,
Chocolate Cake 22 lbs,IT0401,1,40,fixed,,IT0036,2.75,
Chocolate Cake 23 lbs,IT0402,1,40,fixed,,IT0014,2.875,
Chocolate Cake 23 lbs,IT0402,1,40,fixed,,IT0042,57.5,
Chocolate Cake 23 lbs,IT0402,1,40,fixed,,IT0063,0.2875,
Chocolate Cake 23 lbs,IT0402,1,40,fixed,,IT0061,0.0575,
Chocolate Cake 23 lbs,IT0402,1,40,fixed,,IT0095,23,
Chocolate Cake 23 lbs,IT0402,1,40,fixed,,IT0015,8.625,
Chocolate Cake 23 lbs,IT0402,1,40,fixed,,IT0016,8.625,
Chocolate Cake 23 lbs,IT0402,1,40,fixed,,IT0037,0.115,
Chocolate Cake 23 lbs,IT0402,1,40,fixed,,IT0092,0.43125,
Chocolate Cake 23 lbs,IT0402,1,40,fixed,,IT0024,1,
Chocolate Cake 23 lbs,IT0402,1,40,fixed,,IT0018,1,
Chocolate Cake 23 lbs,IT0402,1,40,fixed,,IT0012,1,
Chocolate Cake 23 lbs,IT0402,1,40,fixed,,IT0036,2.875,
Chocolate Cake 24 lbs,IT0403,1,40,fixed,,IT0014,3,
Chocolate Cake 24 lbs,IT0403,1,40,fixed,,IT0042,60,
Chocolate Cake 24 lbs,IT0403,1,40,fixed,,IT0063,0.3,
Chocolate Cake 24 lbs,IT0403,1,40,fixed,,IT0061,0.06,
Chocolate Cake 24 lbs,IT0403,1,40,fixed,,IT0095,24,
Chocolate Cake 24 lbs,IT0403,1,40,fixed,,IT0015,9,
Chocolate Cake 24 lbs,IT0403,1,40,fixed,,IT0016,9,
Chocolate Cake 24 lbs,IT0403,1,40,fixed,,IT0037,0.12,
Chocolate Cake 24 lbs,IT0403,1,40,fixed,,IT0092,0.45,
Chocolate Cake 24 lbs,IT0403,1,40,fixed,,IT0024,1,
Chocolate Cake 24 lbs,IT0403,1,40,fixed,,IT0018,1,
Chocolate Cake 24 lbs,IT0403,1,40,fixed,,IT0012,1,
Chocolate Cake 24 lbs,IT0403,1,40,fixed,,IT0036,3,
Chocolate Cake 25 lbs,IT0404,1,40,fixed,,IT0014,3.125,
Chocolate Cake 25 lbs,IT0404,1,40,fixed,,IT0042,62.5,
Chocolate Cake 25 lbs,IT0404,1,40,fixed,,IT0063,0.3125,
Chocolate Cake 25 lbs,IT0404,1,40,fixed,,IT0061,0.0625,
Chocolate Cake 25 lbs,IT0404,1,40,fixed,,IT0095,25,
Chocolate Cake 25 lbs,IT0404,1,40,fixed,,IT0015,9.375,
Chocolate Cake 25 lbs,IT0404,1,40,fixed,,IT0016,9.375,
Chocolate Cake 25 lbs,IT0404,1,40,fixed,,IT0037,0.125,
Chocolate Cake 25 lbs,IT0404,1,40,fixed,,IT0092,0.46875,
Chocolate Cake 25 lbs,IT0404,1,40,fixed,,IT0024,1,
Chocolate Cake 25 lbs,IT0404,1,40,fixed,,IT0018,1,
Chocolate Cake 25 lbs,IT0404,1,40,fixed,,IT0012,1,
Chocolate Cake 25 lbs,IT0404,1,40,fixed,,IT0036,3.125,
Chocolate Cake 26 lbs,IT0405,1,40,fixed,,IT0014,3.25,
Chocolate Cake 26 lbs,IT0405,1,40,fixed,,IT0042,65,
Chocolate Cake 26 lbs,IT0405,1,40,fixed,,IT0063,0.325,
Chocolate Cake 26 lbs,IT0405,1,40,fixed,,IT0061,0.065,
Chocolate Cake 26 lbs,IT0405,1,40,fixed,,IT0095,26,
Chocolate Cake 26 lbs,IT0405,1,40,fixed,,IT0015,9.75,
Chocolate Cake 26 lbs,IT0405,1,40,fixed,,IT0016,9.75,
Chocolate Cake 26 lbs,IT0405,1,40,fixed,,IT0037,0.13,
Chocolate Cake 26 lbs,IT0405,1,40,fixed,,IT0092,0.4875,
Chocolate Cake 26 lbs,IT0405,1,40,fixed,,IT0024,1,
Chocolate Cake 26 lbs,IT0405,1,40,fixed,,IT0018,1,
Chocolate Cake 26 lbs,IT0405,1,40,fixed,,IT0012,1,
Chocolate Cake 26 lbs,IT0405,1,40,fixed,,IT0036,3.25,
Chocolate Cake 27 lbs,IT0406,1,40,fixed,,IT0014,3.375,
Chocolate Cake 27 lbs,IT0406,1,40,fixed,,IT0042,67.5,
Chocolate Cake 27 lbs,IT0406,1,40,fixed,,IT0063,0.3375,
Chocolate Cake 27 lbs,IT0406,1,40,fixed,,IT0061,0.0675,
Chocolate Cake 27 lbs,IT0406,1,40,fixed,,IT0095,27,
Chocolate Cake 27 lbs,IT0406,1,40,fixed,,IT0015,10.125,
Chocolate Cake 27 lbs,IT0406,1,40,fixed,,IT0016,10.125,
Chocolate Cake 27 lbs,IT0406,1,40,fixed,,IT0037,0.135,
Chocolate Cake 27 lbs,IT0406,1,40,fixed,,IT0092,0.50625,
Chocolate Cake 27 lbs,IT0406,1,40,fixed,,IT0024,1,
Chocolate Cake 27 lbs,IT0406,1,40,fixed,,IT0018,1,
Chocolate Cake 27 lbs,IT0406,1,40,fixed,,IT0012,1,
Chocolate Cake 27 lbs,IT0406,1,40,fixed,,IT0036,3.375,
Chocolate Cake 28 lbs,IT0407,1,40,fixed,,IT0014,3.5,
Chocolate Cake 28 lbs,IT0407,1,40,fixed,,IT0042,70,
Chocolate Cake 28 lbs,IT0407,1,40,fixed,,IT0063,0.35,
Chocolate Cake 28 lbs,IT0407,1,40,fixed,,IT0061,0.07,
Chocolate Cake 28 lbs,IT0407,1,40,fixed,,IT0095,28,
Chocolate Cake 28 lbs,IT0407,1,40,fixed,,IT0015,10.5,
Chocolate Cake 28 lbs,IT0407,1,40,fixed,,IT0016,10.5,
Chocolate Cake 28 lbs,IT0407,1,40,fixed,,IT0037,0.14,
Chocolate Cake 28 lbs,IT0407,1,40,fixed,,IT0092,0.525,
Chocolate Cake 28 lbs,IT0407,1,40,fixed,,IT0024,1,
Chocolate Cake 28 lbs,IT0407,1,40,fixed,,IT0018,1,
Chocolate Cake 28 lbs,IT0407,1,40,fixed,,IT0012,1,
Chocolate Cake 28 lbs,IT0407,1,40,fixed,,IT0036,3.5,
Chocolate Cake 29 lbs,IT0408,1,40,fixed,,IT0014,3.625,
Chocolate Cake 29 lbs,IT0408,1,40,fixed,,IT0042,72.5,
Chocolate Cake 29 lbs,IT0408,1,40,fixed,,IT0063,0.3625,
Chocolate Cake 29 lbs,IT0408,1,40,fixed,,IT0061,0.0725,
Chocolate Cake 29 lbs,IT0408,1,40,fixed,,IT0095,29,
Chocolate Cake 29 lbs,IT0408,1,40,fixed,,IT0015,10.875,
Chocolate Cake 29 lbs,IT0408,1,40,fixed,,IT0016,10.875,
Chocolate Cake 29 lbs,IT0408,1,40,fixed,,IT0037,0.145,
Chocolate Cake 29 lbs,IT0408,1,40,fixed,,IT0092,0.54375,
Chocolate Cake 29 lbs,IT0408,1,40,fixed,,IT0024,1,
Chocolate Cake 29 lbs,IT0408,1,40,fixed,,IT0018,1,
Chocolate Cake 29 lbs,IT0408,1,40,fixed,,IT0012,1,
Chocolate Cake 29 lbs,IT0408,1,40,fixed,,IT0036,3.625,
Chocolate Cake 30 lbs,IT0409,1,40,fixed,,IT0014,3.75,
Chocolate Cake 30 lbs,IT0409,1,40,fixed,,IT0042,75,
Chocolate Cake 30 lbs,IT0409,1,40,fixed,,IT0063,0.375,
Chocolate Cake 30 lbs,IT0409,1,40,fixed,,IT0061,0.075,
Chocolate Cake 30 lbs,IT0409,1,40,fixed,,IT0095,30,
Chocolate Cake 30 lbs,IT0409,1,40,fixed,,IT0015,11.25,
Chocolate Cake 30 lbs,IT0409,1,40,fixed,,IT0016,11.25,
Chocolate Cake 30 lbs,IT0409,1,40,fixed,,IT0037,0.15,
Chocolate Cake 30 lbs,IT0409,1,40,fixed,,IT0092,0.5625,
Chocolate Cake 30 lbs,IT0409,1,40,fixed,,IT0024,1,
Chocolate Cake 30 lbs,IT0409,1,40,fixed,,IT0018,1,
Chocolate Cake 30 lbs,IT0409,1,40,fixed,,IT0012,1,
Chocolate Cake 30 lbs,IT0409,1,40,fixed,,IT0036,3.75,
Chocolate Cake 31 lbs,IT0410,1,40,fixed,,IT0014,3.875,
Chocolate Cake 31 lbs,IT0410,1,40,fixed,,IT0042,77.5,
Chocolate Cake 31 lbs,IT0410,1,40,fixed,,IT0063,0.3875,
Chocolate Cake 31 lbs,IT0410,1,40,fixed,,IT0061,0.0775,
Chocolate Cake 31 lbs,IT0410,1,40,fixed,,IT0095,31,
Chocolate Cake 31 lbs,IT0410,1,40,fixed,,IT0015,11.625,
Chocolate Cake 31 lbs,IT0410,1,40,fixed,,IT0016,11.625,
Chocolate Cake 31 lbs,IT0410,1,40,fixed,,IT0037,0.155,
Chocolate Cake 31 lbs,IT0410,1,40,fixed,,IT0092,0.58125,
Chocolate Cake 31 lbs,IT0410,1,40,fixed,,IT0024,1,
Chocolate Cake 31 lbs,IT0410,1,40,fixed,,IT0018,1,
Chocolate Cake 31 lbs,IT0410,1,40,fixed,,IT0012,1,
Chocolate Cake 31 lbs,IT0410,1,40,fixed,,IT0036,3.875,
Chocolate Cake 32 lbs,IT0411,1,40,fixed,,IT0014,4,
Chocolate Cake 32 lbs,IT0411,1,40,fixed,,IT0042,80,
Chocolate Cake 32 lbs,IT0411,1,40,fixed,,IT0063,0.4,
Chocolate Cake 32 lbs,IT0411,1,40,fixed,,IT0061,0.08,
Chocolate Cake 32 lbs,IT0411,1,40,fixed,,IT0095,32,
Chocolate Cake 32 lbs,IT0411,1,40,fixed,,IT0015,12,
Chocolate Cake 32 lbs,IT0411,1,40,fixed,,IT0016,12,
Chocolate Cake 32 lbs,IT0411,1,40,fixed,,IT0037,0.16,
Chocolate Cake 32 lbs,IT0411,1,40,fixed,,IT0092,0.6,
Chocolate Cake 32 lbs,IT0411,1,40,fixed,,IT0024,1,
Chocolate Cake 32 lbs,IT0411,1,40,fixed,,IT0018,1,
Chocolate Cake 32 lbs,IT0411,1,40,fixed,,IT0012,1,
Chocolate Cake 32 lbs,IT0411,1,40,fixed,,IT0036,4,
Chocolate Cake 33 lbs,IT0412,1,40,fixed,,IT0014,4.125,
Chocolate Cake 33 lbs,IT0412,1,40,fixed,,IT0042,82.5,
Chocolate Cake 33 lbs,IT0412,1,40,fixed,,IT0063,0.4125,
Chocolate Cake 33 lbs,IT0412,1,40,fixed,,IT0061,0.0825,
Chocolate Cake 33 lbs,IT0412,1,40,fixed,,IT0095,33,
Chocolate Cake 33 lbs,IT0412,1,40,fixed,,IT0015,12.375,
Chocolate Cake 33 lbs,IT0412,1,40,fixed,,IT0016,12.375,
Chocolate Cake 33 lbs,IT0412,1,40,fixed,,IT0037,0.165,
Chocolate Cake 33 lbs,IT0412,1,40,fixed,,IT0092,0.61875,
Chocolate Cake 33 lbs,IT0412,1,40,fixed,,IT0024,1,
Chocolate Cake 33 lbs,IT0412,1,40,fixed,,IT0018,1,
Chocolate Cake 33 lbs,IT0412,1,40,fixed,,IT0012,1,
Chocolate Cake 33 lbs,IT0412,1,40,fixed,,IT0036,4.125,
Chocolate Cake 34 lbs,IT0413,1,40,fixed,,IT0014,4.25,
Chocolate Cake 34 lbs,IT0413,1,40,fixed,,IT0042,85,
Chocolate Cake 34 lbs,IT0413,1,40,fixed,,IT0063,0.425,
Chocolate Cake 34 lbs,IT0413,1,40,fixed,,IT0061,0.085,
Chocolate Cake 34 lbs,IT0413,1,40,fixed,,IT0095,34,
Chocolate Cake 34 lbs,IT0413,1,40,fixed,,IT0015,12.75,
Chocolate Cake 34 lbs,IT0413,1,40,fixed,,IT0016,12.75,
Chocolate Cake 34 lbs,IT0413,1,40,fixed,,IT0037,0.17,
Chocolate Cake 34 lbs,IT0413,1,40,fixed,,IT0092,0.6375,
Chocolate Cake 34 lbs,IT0413,1,40,fixed,,IT0024,1,
Chocolate Cake 34 lbs,IT0413,1,40,fixed,,IT0018,1,
Chocolate Cake 34 lbs,IT0413,1,40,fixed,,IT0012,1,
Chocolate Cake 34 lbs,IT0413,1,40,fixed,,IT0036,4.25,
Chocolate Cake 35 lbs,IT0414,1,40,fixed,,IT0014,4.375,
Chocolate Cake 35 lbs,IT0414,1,40,fixed,,IT0042,87.5,
Chocolate Cake 35 lbs,IT0414,1,40,fixed,,IT0063,0.4375,
Chocolate Cake 35 lbs,IT0414,1,40,fixed,,IT0061,0.0875,
Chocolate Cake 35 lbs,IT0414,1,40,fixed,,IT0095,35,
Chocolate Cake 35 lbs,IT0414,1,40,fixed,,IT0015,13.125,
Chocolate Cake 35 lbs,IT0414,1,40,fixed,,IT0016,13.125,
Chocolate Cake 35 lbs,IT0414,1,40,fixed,,IT0037,0.175,
Chocolate Cake 35 lbs,IT0414,1,40,fixed,,IT0092,0.65625,
Chocolate Cake 35 lbs,IT0414,1,40,fixed,,IT0024,1,
Chocolate Cake 35 lbs,IT0414,1,40,fixed,,IT0018,1,
Chocolate Cake 35 lbs,IT0414,1,40,fixed,,IT0012,1,
Chocolate Cake 35 lbs,IT0414,1,40,fixed,,IT0036,4.375,
Chocolate Cake 36 lbs,IT0415,1,40,fixed,,IT0014,4.5,
Chocolate Cake 36 lbs,IT0415,1,40,fixed,,IT0042,90,
Chocolate Cake 36 lbs,IT0415,1,40,fixed,,IT0063,0.45,
Chocolate Cake 36 lbs,IT0415,1,40,fixed,,IT0061,0.09,
Chocolate Cake 36 lbs,IT0415,1,40,fixed,,IT0095,36,
Chocolate Cake 36 lbs,IT0415,1,40,fixed,,IT0015,13.5,
Chocolate Cake 36 lbs,IT0415,1,40,fixed,,IT0016,13.5,
Chocolate Cake 36 lbs,IT0415,1,40,fixed,,IT0037,0.18,
Chocolate Cake 36 lbs,IT0415,1,40,fixed,,IT0092,0.675,
Chocolate Cake 36 lbs,IT0415,1,40,fixed,,IT0024,1,
Chocolate Cake 36 lbs,IT0415,1,40,fixed,,IT0018,1,
Chocolate Cake 36 lbs,IT0415,1,40,fixed,,IT0012,1,
Chocolate Cake 36 lbs,IT0415,1,40,fixed,,IT0036,4.5,
Chocolate Cake 37 lbs,IT0416,1,40,fixed,,IT0014,4.625,
Chocolate Cake 37 lbs,IT0416,1,40,fixed,,IT0042,92.5,
Chocolate Cake 37 lbs,IT0416,1,40,fixed,,IT0063,0.4625,
Chocolate Cake 37 lbs,IT0416,1,40,fixed,,IT0061,0.0925,
Chocolate Cake 37 lbs,IT0416,1,40,fixed,,IT0095,37,
Chocolate Cake 37 lbs,IT0416,1,40,fixed,,IT0015,13.875,
Chocolate Cake 37 lbs,IT0416,1,40,fixed,,IT0016,13.875,
Chocolate Cake 37 lbs,IT0416,1,40,fixed,,IT0037,0.185,
Chocolate Cake 37 lbs,IT0416,1,40,fixed,,IT0092,0.69375,
Chocolate Cake 37 lbs,IT0416,1,40,fixed,,IT0024,1,
Chocolate Cake 37 lbs,IT0416,1,40,fixed,,IT0018,1,
Chocolate Cake 37 lbs,IT0416,1,40,fixed,,IT0012,1,
Chocolate Cake 37 lbs,IT0416,1,40,fixed,,IT0036,4.625,
Chocolate Cake 38 lbs,IT0417,1,40,fixed,,IT0014,4.75,
Chocolate Cake 38 lbs,IT0417,1,40,fixed,,IT0042,95,
Chocolate Cake 38 lbs,IT0417,1,40,fixed,,IT0063,0.475,
Chocolate Cake 38 lbs,IT0417,1,40,fixed,,IT0061,0.095,
Chocolate Cake 38 lbs,IT0417,1,40,fixed,,IT0095,38,
Chocolate Cake 38 lbs,IT0417,1,40,fixed,,IT0015,14.25,
Chocolate Cake 38 lbs,IT0417,1,40,fixed,,IT0016,14.25,
Chocolate Cake 38 lbs,IT0417,1,40,fixed,,IT0037,0.19,
Chocolate Cake 38 lbs,IT0417,1,40,fixed,,IT0092,0.7125,
Chocolate Cake 38 lbs,IT0417,1,40,fixed,,IT0024,1,
Chocolate Cake 38 lbs,IT0417,1,40,fixed,,IT0018,1,
Chocolate Cake 38 lbs,IT0417,1,40,fixed,,IT0012,1,
Chocolate Cake 38 lbs,IT0417,1,40,fixed,,IT0036,4.75,
Chocolate Cake 39 lbs,IT0418,1,40,fixed,,IT0014,4.875,
Chocolate Cake 39 lbs,IT0418,1,40,fixed,,IT0042,97.5,
Chocolate Cake 39 lbs,IT0418,1,40,fixed,,IT0063,0.4875,
Chocolate Cake 39 lbs,IT0418,1,40,fixed,,IT0061,0.0975,
Chocolate Cake 39 lbs,IT0418,1,40,fixed,,IT0095,39,
Chocolate Cake 39 lbs,IT0418,1,40,fixed,,IT0015,14.625,
Chocolate Cake 39 lbs,IT0418,1,40,fixed,,IT0016,14.625,
Chocolate Cake 39 lbs,IT0418,1,40,fixed,,IT0037,0.195,
Chocolate Cake 39 lbs,IT0418,1,40,fixed,,IT0092,0.73125,
Chocolate Cake 39 lbs,IT0418,1,40,fixed,,IT0024,1,
Chocolate Cake 39 lbs,IT0418,1,40,fixed,,IT0018,1,
Chocolate Cake 39 lbs,IT0418,1,40,fixed,,IT0012,1,
Chocolate Cake 39 lbs,IT0418,1,40,fixed,,IT0036,4.875,
Chocolate Cake 40 lbs,IT0419,1,40,fixed,,IT0014,5,
Chocolate Cake 40 lbs,IT0419,1,40,fixed,,IT0042,100,
Chocolate Cake 40 lbs,IT0419,1,40,fixed,,IT0063,0.5,
Chocolate Cake 40 lbs,IT0419,1,40,fixed,,IT0061,0.1,
Chocolate Cake 40 lbs,IT0419,1,40,fixed,,IT0095,40,
Chocolate Cake 40 lbs,IT0419,1,40,fixed,,IT0015,15,
Chocolate Cake 40 lbs,IT0419,1,40,fixed,,IT0016,15,
Chocolate Cake 40 lbs,IT0419,1,40,fixed,,IT0037,0.2,
Chocolate Cake 40 lbs,IT0419,1,40,fixed,,IT0092,0.75,
Chocolate Cake 40 lbs,IT0419,1,40,fixed,,IT0024,1,
Chocolate Cake 40 lbs,IT0419,1,40,fixed,,IT0018,1,
Chocolate Cake 40 lbs,IT0419,1,40,fixed,,IT0012,1,
Chocolate Cake 40 lbs,IT0419,1,40,fixed,,IT0036,5,
Chocolate Cake 41 lbs,IT0420,1,40,fixed,,IT0014,5.125,
Chocolate Cake 41 lbs,IT0420,1,40,fixed,,IT0042,102.5,
Chocolate Cake 41 lbs,IT0420,1,40,fixed,,IT0063,0.5125,
Chocolate Cake 41 lbs,IT0420,1,40,fixed,,IT0061,0.1025,
Chocolate Cake 41 lbs,IT0420,1,40,fixed,,IT0095,41,
Chocolate Cake 41 lbs,IT0420,1,40,fixed,,IT0015,15.375,
Chocolate Cake 41 lbs,IT0420,1,40,fixed,,IT0016,15.375,
Chocolate Cake 41 lbs,IT0420,1,40,fixed,,IT0037,0.205,
Chocolate Cake 41 lbs,IT0420,1,40,fixed,,IT0092,0.76875,
Chocolate Cake 41 lbs,IT0420,1,40,fixed,,IT0024,1,
Chocolate Cake 41 lbs,IT0420,1,40,fixed,,IT0018,1,
Chocolate Cake 41 lbs,IT0420,1,40,fixed,,IT0012,1,
Chocolate Cake 41 lbs,IT0420,1,40,fixed,,IT0036,5.125,
Chocolate Cake 42 lbs,IT0421,1,40,fixed,,IT0014,5.25,
Chocolate Cake 42 lbs,IT0421,1,40,fixed,,IT0042,105,
Chocolate Cake 42 lbs,IT0421,1,40,fixed,,IT0063,0.525,
Chocolate Cake 42 lbs,IT0421,1,40,fixed,,IT0061,0.105,
Chocolate Cake 42 lbs,IT0421,1,40,fixed,,IT0095,42,
Chocolate Cake 42 lbs,IT0421,1,40,fixed,,IT0015,15.75,
Chocolate Cake 42 lbs,IT0421,1,40,fixed,,IT0016,15.75,
Chocolate Cake 42 lbs,IT0421,1,40,fixed,,IT0037,0.21,
Chocolate Cake 42 lbs,IT0421,1,40,fixed,,IT0092,0.7875,
Chocolate Cake 42 lbs,IT0421,1,40,fixed,,IT0024,1,
Chocolate Cake 42 lbs,IT0421,1,40,fixed,,IT0018,1,
Chocolate Cake 42 lbs,IT0421,1,40,fixed,,IT0012,1,
Chocolate Cake 42 lbs,IT0421,1,40,fixed,,IT0036,5.25,
Chocolate Cake 43 lbs,IT0422,1,40,fixed,,IT0014,5.375,
Chocolate Cake 43 lbs,IT0422,1,40,fixed,,IT0042,107.5,
Chocolate Cake 43 lbs,IT0422,1,40,fixed,,IT0063,0.5375,
Chocolate Cake 43 lbs,IT0422,1,40,fixed,,IT0061,0.1075,
Chocolate Cake 43 lbs,IT0422,1,40,fixed,,IT0095,43,
Chocolate Cake 43 lbs,IT0422,1,40,fixed,,IT0015,16.125,
Chocolate Cake 43 lbs,IT0422,1,40,fixed,,IT0016,16.125,
Chocolate Cake 43 lbs,IT0422,1,40,fixed,,IT0037,0.215,
Chocolate Cake 43 lbs,IT0422,1,40,fixed,,IT0092,0.80625,
Chocolate Cake 43 lbs,IT0422,1,40,fixed,,IT0024,1,
Chocolate Cake 43 lbs,IT0422,1,40,fixed,,IT0018,1,
Chocolate Cake 43 lbs,IT0422,1,40,fixed,,IT0012,1,
Chocolate Cake 43 lbs,IT0422,1,40,fixed,,IT0036,5.375,
Chocolate Cake 44 lbs,IT0423,1,40,fixed,,IT0014,5.5,
Chocolate Cake 44 lbs,IT0423,1,40,fixed,,IT0042,110,
Chocolate Cake 44 lbs,IT0423,1,40,fixed,,IT0063,0.55,
Chocolate Cake 44 lbs,IT0423,1,40,fixed,,IT0061,0.11,
Chocolate Cake 44 lbs,IT0423,1,40,fixed,,IT0095,44,
Chocolate Cake 44 lbs,IT0423,1,40,fixed,,IT0015,16.5,
Chocolate Cake 44 lbs,IT0423,1,40,fixed,,IT0016,16.5,
Chocolate Cake 44 lbs,IT0423,1,40,fixed,,IT0037,0.22,
Chocolate Cake 44 lbs,IT0423,1,40,fixed,,IT0092,0.825,
Chocolate Cake 44 lbs,IT0423,1,40,fixed,,IT0024,1,
Chocolate Cake 44 lbs,IT0423,1,40,fixed,,IT0018,1,
Chocolate Cake 44 lbs,IT0423,1,40,fixed,,IT0012,1,
Chocolate Cake 44 lbs,IT0423,1,40,fixed,,IT0036,5.5,
Chocolate Cake 45 lbs,IT0424,1,40,fixed,,IT0014,5.625,
Chocolate Cake 45 lbs,IT0424,1,40,fixed,,IT0042,112.5,
Chocolate Cake 45 lbs,IT0424,1,40,fixed,,IT0063,0.5625,
Chocolate Cake 45 lbs,IT0424,1,40,fixed,,IT0061,0.1125,
Chocolate Cake 45 lbs,IT0424,1,40,fixed,,IT0095,45,
Chocolate Cake 45 lbs,IT0424,1,40,fixed,,IT0015,16.875,
Chocolate Cake 45 lbs,IT0424,1,40,fixed,,IT0016,16.875,
Chocolate Cake 45 lbs,IT0424,1,40,fixed,,IT0037,0.225,
Chocolate Cake 45 lbs,IT0424,1,40,fixed,,IT0092,0.84375,
Chocolate Cake 45 lbs,IT0424,1,40,fixed,,IT0024,1,
Chocolate Cake 45 lbs,IT0424,1,40,fixed,,IT0018,1,
Chocolate Cake 45 lbs,IT0424,1,40,fixed,,IT0012,1,
Chocolate Cake 45 lbs,IT0424,1,40,fixed,,IT0036,5.625,
Chocolate Cake 46 lbs,IT0425,1,40,fixed,,IT0014,5.75,
Chocolate Cake 46 lbs,IT0425,1,40,fixed,,IT0042,115,
Chocolate Cake 46 lbs,IT0425,1,40,fixed,,IT0063,0.575,
Chocolate Cake 46 lbs,IT0425,1,40,fixed,,IT0061,0.115,
Chocolate Cake 46 lbs,IT0425,1,40,fixed,,IT0095,46,
Chocolate Cake 46 lbs,IT0425,1,40,fixed,,IT0015,17.25,
Chocolate Cake 46 lbs,IT0425,1,40,fixed,,IT0016,17.25,
Chocolate Cake 46 lbs,IT0425,1,40,fixed,,IT0037,0.23,
Chocolate Cake 46 lbs,IT0425,1,40,fixed,,IT0092,0.8625,
Chocolate Cake 46 lbs,IT0425,1,40,fixed,,IT0024,1,
Chocolate Cake 46 lbs,IT0425,1,40,fixed,,IT0018,1,
Chocolate Cake 46 lbs,IT0425,1,40,fixed,,IT0012,1,
Chocolate Cake 46 lbs,IT0425,1,40,fixed,,IT0036,5.75,
Chocolate Cake 47 lbs,IT0426,1,40,fixed,,IT0014,5.875,
Chocolate Cake 47 lbs,IT0426,1,40,fixed,,IT0042,117.5,
Chocolate Cake 47 lbs,IT0426,1,40,fixed,,IT0063,0.5875,
Chocolate Cake 47 lbs,IT0426,1,40,fixed,,IT0061,0.1175,
Chocolate Cake 47 lbs,IT0426,1,40,fixed,,IT0095,47,
Chocolate Cake 47 lbs,IT0426,1,40,fixed,,IT0015,17.625,
Chocolate Cake 47 lbs,IT0426,1,40,fixed,,IT0016,17.625,
Chocolate Cake 47 lbs,IT0426,1,40,fixed,,IT0037,0.235,
Chocolate Cake 47 lbs,IT0426,1,40,fixed,,IT0092,0.88125,
Chocolate Cake 47 lbs,IT0426,1,40,fixed,,IT0024,1,
Chocolate Cake 47 lbs,IT0426,1,40,fixed,,IT0018,1,
Chocolate Cake 47 lbs,IT0426,1,40,fixed,,IT0012,1,
Chocolate Cake 47 lbs,IT0426,1,40,fixed,,IT0036,5.875,
Chocolate Cake 48 lbs,IT0427,1,40,fixed,,IT0014,6,
Chocolate Cake 48 lbs,IT0427,1,40,fixed,,IT0042,120,
Chocolate Cake 48 lbs,IT0427,1,40,fixed,,IT0063,0.6,
Chocolate Cake 48 lbs,IT0427,1,40,fixed,,IT0061,0.12,
Chocolate Cake 48 lbs,IT0427,1,40,fixed,,IT0095,48,
Chocolate Cake 48 lbs,IT0427,1,40,fixed,,IT0015,18,
Chocolate Cake 48 lbs,IT0427,1,40,fixed,,IT0016,18,
Chocolate Cake 48 lbs,IT0427,1,40,fixed,,IT0037,0.24,
Chocolate Cake 48 lbs,IT0427,1,40,fixed,,IT0092,0.9,
Chocolate Cake 48 lbs,IT0427,1,40,fixed,,IT0024,1,
Chocolate Cake 48 lbs,IT0427,1,40,fixed,,IT0018,1,
Chocolate Cake 48 lbs,IT0427,1,40,fixed,,IT0012,1,
Chocolate Cake 48 lbs,IT0427,1,40,fixed,,IT0036,6,
Chocolate Cake 49 lbs,IT0428,1,40,fixed,,IT0014,6.125,
Chocolate Cake 49 lbs,IT0428,1,40,fixed,,IT0042,122.5,
Chocolate Cake 49 lbs,IT0428,1,40,fixed,,IT0063,0.6125,
Chocolate Cake 49 lbs,IT0428,1,40,fixed,,IT0061,0.1225,
Chocolate Cake 49 lbs,IT0428,1,40,fixed,,IT0095,49,
Chocolate Cake 49 lbs,IT0428,1,40,fixed,,IT0015,18.375,
Chocolate Cake 49 lbs,IT0428,1,40,fixed,,IT0016,18.375,
Chocolate Cake 49 lbs,IT0428,1,40,fixed,,IT0037,0.245,
Chocolate Cake 49 lbs,IT0428,1,40,fixed,,IT0092,0.91875,
Chocolate Cake 49 lbs,IT0428,1,40,fixed,,IT0024,1,
Chocolate Cake 49 lbs,IT0428,1,40,fixed,,IT0018,1,
Chocolate Cake 49 lbs,IT0428,1,40,fixed,,IT0012,1,
Chocolate Cake 49 lbs,IT0428,1,40,fixed,,IT0036,6.125,
Chocolate Cake 50 lbs,IT0429,1,40,fixed,,IT0014,6.25,
Chocolate Cake 50 lbs,IT0429,1,40,fixed,,IT0042,125,
Chocolate Cake 50 lbs,IT0429,1,40,fixed,,IT0063,0.625,
Chocolate Cake 50 lbs,IT0429,1,40,fixed,,IT0061,0.125,
Chocolate Cake 50 lbs,IT0429,1,40,fixed,,IT0095,50,
Chocolate Cake 50 lbs,IT0429,1,40,fixed,,IT0015,18.75,
Chocolate Cake 50 lbs,IT0429,1,40,fixed,,IT0016,18.75,
Chocolate Cake 50 lbs,IT0429,1,40,fixed,,IT0037,0.25,
Chocolate Cake 50 lbs,IT0429,1,40,fixed,,IT0092,0.9375,
Chocolate Cake 50 lbs,IT0429,1,40,fixed,,IT0024,1,
Chocolate Cake 50 lbs,IT0429,1,40,fixed,,IT0018,1,
Chocolate Cake 50 lbs,IT0429,1,40,fixed,,IT0012,1,
Chocolate Cake 50 lbs,IT0429,1,40,fixed,,IT0036,6.25,
