Item Name,Category Name,SKU,HSN,Unit Name,Alert Quantity,Brand Name,Expire Date,Tax Name,Tax Value,Tax Type,Sales Price,Opening Stock,Barcode,DISCOUNT TYPE,DISCOUNT
moyda,Raw Material,,,KG,500,AST,,,,,60,1997,,,
Sugar,Raw Material,,,KG,200,Brand 2,,,,,100.25,688,,,
Dalda,Raw Material,,,KG,112,Brand 3,,,,,192.26,410,,,
Oil,Raw Material,,,KG,100,Brand 4,,,,,185,530,,,
SP Gee,Raw Material,,,KG,5,Brand 5,,,,,850,22,,,
Normal Gee,Raw Material,,,KG,5,Brand 6,,,,,400,44,,,
Sp bater,Raw Material,,,KG,10,Brand 7,,,,,350,10,,,
Normal batar,Raw Material,,,KG,5,Brand 8,,,,,250,23,,,
Cake bag 2 lbs,Raw Material,,,PCS,50,Brand 9,,,,,11.26,305,,,
Cake bag 3 lbs,Raw Material,,,PCS,50,Brand 10,,,,,11.26,305,,,
Cake bag 4 lbs,Raw Material,,,PCS,50,Brand 11,,,,,11.26,305,,,
Cake bag (5-6) lbs,Raw Material,,,PCS,50,Brand 12,,,,,11.26,305,,,
Venila powder,Raw Material,,,KG,50,Brand 13,,,,,410,110,,,
Choklet powder,Raw Material,,,KG,30,Brand 14,,,,,481,68,,,
Huyep crem Tropical,Raw Material,,,KG,30,Brand 15,,,,,230,52,,,
Huyep crem vivo ,Raw Material,,,KG,30,Brand 16,,,,,450.8,55,,,
Cake box 1 - 6 lbs,Raw Material,,,PCS,100,Brand 17,,,,,27.8,5616,,,
Cake box 7 - 50 lbs,Raw Material,,,PCS,20,Brand 23,,,,,414.62,120,,,
Cake Bord 2 lbs,Raw Material,,,PCS,100,Brand 34,,,,,24.18,559,,,
Cake Bord 3 lbs,Raw Material,,,PCS,50,Brand 35,,,,,24.18,559,,,
Cake Bord 4 lbs,Raw Material,,,PCS,50,Brand 36,,,,,24.18,559,,,
Cake Bord 5 lbs,Raw Material,,,PCS,40,Brand 37,,,,,24.18,559,,,
Cake Bord 8 lbs,Raw Material,,,PCS,20,Brand 38,,,,,24.18,559,,,
Cake Bord 10 lbs,Raw Material,,,PCS,20,Brand 39,,,,,292.84,45,,,
Cake Bord 15 lbs,Raw Material,,,PCS,10,Brand 40,,,,,292.84,40,,,
Cake Bord 20 lbs,Raw Material,,,PCS,10,Brand 41,,,,,292.84,30,,,
Cake Bord 25 lbs,Raw Material,,,PCS,10,Brand 42,,,,,292.84,20,,,
Cake Bord 30 lbs,Raw Material,,,PCS,5,Brand 43,,,,,292.84,15,,,
Cake Bord 35 lbs,Raw Material,,,PCS,5,Brand 44,,,,,292.84,15,,,
Cake Bord 40 lbs,Raw Material,,,PCS,5,Brand 45,,,,,292.84,15,,,
Cake Bord 45 lbs,Raw Material,,,PCS,5,Brand 46,,,,,292.84,9,,,
Cake Bord 50 lbs,Raw Material,,,PCS,5,Brand 47,,,,,292.84,3,,,
Sugar pepar,Raw Material,,,PCS,30,Brand 48,,,,,200,58,,,
Jeli,Raw Material,,,KG,5,Brand 49,,,,,250,5,,,
Pasty flebar,Raw Material,,,KG,0.5,Brand 50,,,,,938.46,3,,,
Mimi choklet,Raw Material,,,KG,10,Brand 51,,,,,531,80,,,
varity rong clour,Raw Material,,,KG,4,Brand 52,,,,,979.08,15,,,
Scent / sent,Raw Material,,,KG,4,Brand 53,,,,,2306.21,13,,,
Fondent,Raw Material,,,KG,4,Brand 54,,,,,915,6,,,
condence milk,Raw Material,,,PCS,30,Brand 55,,,,,89.16,40,,,
Red velvate powder,Raw Material,,,KG,10,Brand 56,,,,,500,,,,
Dim / egg,Raw Material,,,PCS,500,Brand 57,,,,,9.7,570,,,
piaje Onion,Raw Material,,,KG,50,Brand 58,,,,,33,120,,,
CA,Raw Material,,,KG,5,Brand 59,,,,,381.88,8,,,
Mom,Raw Material,,,KG,100,Brand 60,,,,,7.35,492,,,
White sada til,Raw Material,,,KG,2,Brand 61,,,,,226.39,3,,,
Poly HD all,Raw Material,,,KG,100,Brand 62,,,,,199.37,100,,,
Crim chise,Raw Material,,,KG,2,Brand 63,,,,,1683.33,2.5,,,
print poly,Raw Material,,,KG,100,Brand 64,,,,,317.66,412,,,
Bason / bashon,Raw Material,,,KG,50,Brand 65,,,,,52.32,130,,,
chira,Raw Material,,,KG,10,Brand 66,,,,,56,168,,,
Badam / Nut,Raw Material,,,KG,25,Brand 67,,,,,174.4,85,,,
Dabri / Dabri,Raw Material,,,KG,10,Brand 68,,,,,49.79,63,,,
Tasting Salt / shad lobon,Raw Material,,,KG,3,Brand 69,,,,,155,6.5,,,
Mangsho moshla,Raw Material,,,PCS,50,Brand 70,,,,,85.67,125,,,
Bit lobon,Raw Material,,,KG,2,Brand 71,,,,,68,11,,,
master shorishar oil ,Raw Material,,,KG,5,Brand 72,,,,,230.13,8,,,
Chari fall,Raw Material,,,KG,0.5,Brand 73,,,,,390.39,5,,,
kismis,Raw Material,,,KG,2,Brand 74,,,,,812,4,,,
Morabba,Raw Material,,,KG,5,Brand 75,,,,,212,3,,,
Baking powder,Raw Material,,,KG,5,Brand 76,,,,,246.81,13.5,,,
Glucose,Raw Material,,,KG,3,Brand 77,,,,,134,25.5,,,
Cake Gel,Raw Material,,,KG,3,Brand 78,,,,,276.18,1.5,,,
kat badam,Raw Material,,,KG,2,Brand 79,,,,,1464,1.5,,,
Murgi hen,Raw Material,,,KG,8,Brand 80,,,,,170,35.7,,,
Ada Ginger,Raw Material,,,KG,2,Brand 81,,,,,124.45,5,,,
Roshun Garlik,Raw Material,,,KG,2,Brand 82,,,,,112,3,,,
Darchini cinnamon,Raw Material,,,KG,1,Brand 83,,,,,480,2,,,
"Salt, lobon",Raw Material,,,KG,10,Brand 84,,,,,38.68,,,,
Alace cardamom,Raw Material,,,KG,0.5,Brand 85,,,,,4600,0.7,,,
Jira Cumin,Raw Material,,,KG,1,Brand 86,,,,,502.59,1,,,
5 foron pasforon,Raw Material,,,KG,2,Brand 87,,,,,203.93,4,,,
morich gura,Raw Material,,,KG,1,Brand 88,,,,,400.82,3.5,,,
Holud Gura,Raw Material,,,KG,1,Brand 89,,,,,339.84,7.5,,,
Tometo soce,Raw Material,,,KG,5,Brand 90,,,,,170.87,20,,,
milk powder gura dud,Raw Material,,,KG,5,Brand 91,,,,,661.77,11,,,
est,Raw Material,,,KG,2,Brand 92,,,,,451,7.5,,,
Agar agar,Raw Material,,,KG,1,Brand 93,,,,,200,1.5,,,
Coco powder,Raw Material,,,KG,2,Brand 94,,,,,1871.15,1.7,,,
Maltova,Raw Material,,,KG,0.5,Brand 95,,,,,510,0.2,,,
Coconat mild narkel gura,Raw Material,,,KG,1,Brand 96,,,,,280,2,,,
Comla rong orenge colour,Raw Material,,,KG,1,Brand 97,,,,,440,8.4,,,
kalo zera zira,Raw Material,,,KG,2,Brand 98,,,,,385,3,,,
White/ shada gol morice,Raw Material,,,KG,1,Brand 99,,,,,1286.66,2,,,
Choklet chise,Raw Material,,,KG,1,Brand 100,,,,,550,4,,,
250 ML water pani,Raw Material,,,PCS,48,Brand 101,,,,,9,390,,,
500 ML Water Pani,Raw Material,,,PCS,48,Brand 102,,,,,9.5,366,,,
soto cartoon little cartoon,Raw Material,,,PCS,10,Brand 103,,,,,31.71,50,,,
cash memo,Raw Material,,,PCS,20,Brand 105,,,,,80,26,,,
Special stekar,Raw Material,,,PCS,5000,Brand 106,,,,,0.6,24800,,,
Nomal Stekar,Raw Material,,,PCS,5000,Brand 107,,,,,0.2,94000,,,
Mix dibba Sugar ball,Raw Material,,,KG,5,Brand 108,,,,,1826,13.5,,,
Pesti box,Raw Material,,,PCS,50,Brand 109,,,,,3.9,255,,,
coke sprite botol,Raw Material,,,PCS,24,Brand 110,,,,,25,115,,,
Poster pepar,Raw Material,,,PCS,200,Brand 111,,,,,3.84,1520,,,
Mofin pepar,Raw Material,,,PCS,200,Brand 112,,,,,0.58,860,,,
ST peket,Raw Material,,,PCS,1000,Brand 113,,,,,8.5,15950,,,
St peket logo,Raw Material,,,PCS,500,Brand 114,,,,,14,785,,,
senduice peket,Raw Material,,,PCS,100,Brand 115,,,,,2.73,1175,,,
Biscut box,Raw Material,,,PCS,200,Brand 116,,,,,15.73,2252,,,
Shemi box,Raw Material,,,PCS,50,Brand 117,,,,,10.22,28,,,
SP shemi Box,Raw Material,,,PCS,50,Brand 118,,,,,12.25,600,,,
Ice creem Vanlia,Raw Material,,,PCS,5,Brand 119,,,,,30,55,,,
Ice creem cofi choclet,Raw Material,,,PCS,5,Brand 120,,,,,30,40,,,
Chokbar Ice creem,Raw Material,,,PCS,5,Brand 121,,,,,25,72,,,
Ice creem Hidden hard sig,Raw Material,,,PCS,5,Brand 122,,,,,25,84,,,
Ice creem Mango cap,Raw Material,,,PCS,5,Brand 123,,,,,30,0,,,
Vanila kon con,Raw Material,,,PCS,5,Brand 124,,,,,50,60,,,
Boro kon con clasic choklet,Raw Material,,,PCS,5,Brand 125,,,,,70,12,,,
Cransi bar,Raw Material,,,PCS,5,Brand 126,,,,,50,48,,,
Kake box boro,Raw Material,,,PCS,5,Brand 127,,,,,432.2,120,,,
ots,Raw Material,,,KG,2,Brand 128,,,,,600,1,,,
Flafi Bread Regular,Finish Goods,,,PCS,,Brand 129,,,,,40,34,,,
Flafi Bread Sr,Finish Goods,,,PCS,,Brand 130,,,,,38,0,,,
Modrn Bread Regular,Finish Goods,,,PCS,,Brand 131,,,,,50,34,,,
Modrn Bread Sr,Finish Goods,,,PCS,,Brand 132,,,,,48,0,,,
Milk Bread Regular,Finish Goods,,,PCS,,Brand 133,,,,,50,15,,,
Milk Bread Sr,Finish Goods,,,PCS,,Brand 134,,,,,48,0,,,
Modrn Milk Bread Regular,Finish Goods,,,PCS,,Brand 135,,,,,60,0,,,
Modrn Milk Bread Sr,Finish Goods,,,PCS,,Brand 136,,,,,60,0,,,
Senduice Bread Regular,Finish Goods,,,PCS,,Brand 137,,,,,50,41,,,
Senduice Bread Sr,Finish Goods,,,PCS,,Brand 138,,,,,48,0,,,
Batarban Regular,Finish Goods,,,PCS,,Brand 139,,,,,20,12,,,
Batarban Sr,Finish Goods,,,PCS,,Brand 140,,,,,18,0,,,
Jeliban Regular,Finish Goods,,,PCS,,Brand 141,,,,,15,7,,,
Jeliban Sr,Finish Goods,,,PCS,,Brand 142,,,,,13,0,,,
Saddamban Regular,Finish Goods,,,PCS,,Brand 143,,,,,10,39,,,
Saddamban Sr,Finish Goods,,,PCS,,Brand 144,,,,,8,0,,,
01 bait Chiken Patis Regular,Finish Goods,,,PCS,,Brand 145,,,,,20,23,,,
01 bait Chiken Patis SR,Finish Goods,,,PCS,,Brand 146,,,,,20,0,,,
 02 bait Chiken Patis Regular,Finish Goods,,,PCS,,Brand 147,,,,,30,6,,,
 02 bait Chiken Patis SR,Finish Goods,,,PCS,,Brand 148,,,,,30,0,,,
big Chiken Patis,Finish Goods,,,PCS,,Brand 149,,,,,45,9,,,
big Chiken Patis SR,Finish Goods,,,PCS,,Brand 150,,,,,45,0,,,
Jhal patis Regular,Finish Goods,,,PCS,,Brand 151,,,,,20,0,,,
Jhal patis Sr,Finish Goods,,,PCS,,Brand 152,,,,,18,0,,,
Roll patis Regular,Finish Goods,,,PCS,,Brand 153,,,,,25,0,,,
Roll patis Sr,Finish Goods,,,PCS,,Brand 154,,,,,23,0,,,
Chiken bargar Regular ,Finish Goods,,,PCS,,Brand 155,,,,,60,7,,,
Chiken bargar Sr ,Finish Goods,,,PCS,,Brand 156,,,,,60,0,,,
vegitabies Bargar Regular,Finish Goods,,,PCS,,Brand 157,,,,,30,8,,,
vegitabies Bargar Sr,Finish Goods,,,PCS,,Brand 158,,,,,28,0,,,
Chiken Chess Roll Regular,Finish Goods,,,PCS,,Brand 159,,,,,30,40,,,
Chiken Chess Roll Sr,Finish Goods,,,PCS,,Brand 160,,,,,27,0,,,
Chiken Senduice  Regular,Finish Goods,,,PCS,,Brand 161,,,,,60,13,,,
Chiken Senduice  SR,Finish Goods,,,PCS,,Brand 162,,,,,60,0,,,
Clab Senduice Regular,Finish Goods,,,PCS,,Brand 163,,,,,70,3,,,
Clab Senduice SR,Finish Goods,,,PCS,,Brand 164,,,,,70,0,,,
Plain Cake Regular,Finish Goods,,,PCS,,Brand 165,,,,,130,0,,,
Plain Cake SR,Finish Goods,,,PCS,,Brand 166,,,,,130,0,,,
Fruit Cake Regular,Finish Goods,,,PCS,,Brand 167,,,,,200,17,,,
Fruit Cake SR,Finish Goods,,,PCS,,Brand 168,,,,,200,0,,,
Chocolate Fruit Cake Regular,Finish Goods,,,PCS,,Brand 169,,,,,220,12,,,
Chocolate Fruit Cake SR,Finish Goods,,,PCS,,Brand 170,,,,,220,0,,,
Mafin Cake Regular,Finish Goods,,,PKT,,Brand 171,,,,,100,16,,,
Mafin Cake SR,Finish Goods,,,PKT,,Brand 172,,,,,100,0,,,
Crim Roll Regular,Finish Goods,,,PKT,,Brand 173,,,,,75,18,,,
Crim Roll SR,Finish Goods,,,PKT,,Brand 174,,,,,75,0,,,
Bargar Ban Regular,Finish Goods,,,PKT,,Brand 175,,,,,50,11,,,
Bargar Ban SR,Finish Goods,,,PKT,,Brand 176,,,,,50,0,,,
Misti Tost Regular,Finish Goods,,,PKT,,Brand 177,,,,,70,252,,,
Misti Tost SR,Finish Goods,,,PKT,,Brand 178,,,,,70,0,,,
Normal Tost Regular,Finish Goods,,,PKT,,Brand 179,,,,,70,252,,,
Normal Tost SR,Finish Goods,,,PKT,,Brand 180,,,,,70,0,,,
Special Ghi Tost Regular,Finish Goods,,,PKT,,Brand 181,,,,,80,0,,,
Special Ghi Tost SR,Finish Goods,,,PKT,,Brand 182,,,,,80,0,,,
Normal Chanachur Regular,Finish Goods,,,PKT,,Brand 183,,,,,80,329,,,
Normal Chanachur SR,Finish Goods,,,PKT,,Brand 184,,,,,80,0,,,
Special box Chanachur  Regular,Finish Goods,,,PKT,,Brand 185,,,,,100,49,,,
Special box Chanachur SR,Finish Goods,,,PKT,,Brand 186,,,,,100,0,,,
Chira Vaja Regular,Finish Goods,,,PKT,,Brand 187,,,,,50,0,,,
Chira Vaja SR,Finish Goods,,,PKT,,Brand 188,,,,,50,0,,,
Biscuite Regular,Finish Goods,,,PKT,,Brand 189,,,,,80,329,,,
Biscuite SR,Finish Goods,,,PKT,,Brand 190,,,,,80,0,,,
 Sholtej box Biscuite Regular,Finish Goods,,,PKT,,Brand 193,,,,,120,12,,,
Sholtej box Biscuite SR,Finish Goods,,,PKT,,Brand 194,,,,,120,0,,,
Milk Biscuite Box Regular,Finish Goods,,,PKT,,Brand 195,,,,,120,28,,,
Special  Milk Biscuite Box SR,Finish Goods,,,PKT,,Brand 196,,,,,120,0,,,
Normal Dry Cake Regular,Finish Goods,,,PKT,,Brand 197,,,,,80,329,,,
Normal Dry Cake SR,Finish Goods,,,PKT,,Brand 198,,,,,80,0,,,
Special Box Dry Cake Regular,Finish Goods,,,PKT,,Brand 199,,,,,130,34,,,
Special Box Dry Cake SR,Finish Goods,,,PKT,,Brand 200,,,,,130,0,,,
Anarcoly Biscuite Regular,Finish Goods,,,PKT,,Brand 201,,,,,70,38,,,
Anarcoly Biscuite SR,Finish Goods,,,PKT,,Brand 202,,,,,70,0,,,
Choklate Biscuite Paket Regular,Finish Goods,,,PKT,,Brand 203,,,,,120,0,,,
Choklate Biscuite Paket SR,Finish Goods,,,PKT,,Brand 204,,,,,120,0,,,
Venila Cake Regular,Finish Goods,,,lbs,,Brand 207,,,,,450,0,,,
Venila Cake ST,Finish Goods,,,lbs,,Brand 208,,,,,425,0,,,
Choklate Cake Regular,Finish Goods,,,lbs,,Brand 209,,,,,525,0,,,
Choklate Cake ST,Finish Goods,,,lbs,,Brand 210,,,,,500,0,,,
Venila+ Choklate Cake  Regular,Finish Goods,,,lbs,,Brand 211,,,,,500,0,,,
Venila+ Choklate Cake ST,Finish Goods,,,lbs,,Brand 212,,,,,500,0,,,
Mud Cake Regular,Finish Goods,,,lbs,,Brand 213,,,,,625,0,,,
Mud Cake ST,Finish Goods,,,lbs,,Brand 214,,,,,600,0,,,
Venila Chij Cake Regular,Finish Goods,,,lbs,,Brand 215,,,,,700,0,,,
Venila Chij Cake ST,Finish Goods,,,lbs,,Brand 216,,,,,675,0,,,
Lassa Semai Regular,Finish Goods,,,PKT,,Brand 217,,,,,100,434,,,
Lassa Semai  SR,Finish Goods,,,PKT,,Brand 218,,,,,100,0,,,
Lassa Semai Primiyam Regular,Finish Goods,,,PKT,,Brand 219,,,,,450,63,,,
Lassa Semai Primiyam SR,Finish Goods,,,PKT,,Brand 220,,,,,450,0,,,
Ghi Lassa Semay 200gm Regular,Finish Goods,,,PKT,,Brand 221,,,,,100,0,,,
Ghi Lassa Semay SR 200gm,Finish Goods,,,PKT,,Brand 222,,,,,100,0,,,
Mojo Can,Ready Item,,,PCS,,,,,,,40,380,,,
Kulfi Icecream,Ready Item,,,PCS,,,,,,,20,72,,,
Cransi bar Mini,Ready Item,,,PCS,,,,,,,30,19,,,
Donat,Finish Goods,,,PCS,,,,,,,40,0,,,
Pasty Cake,Finish Goods,,,PCS,,,,,,,60,12,,,
Brawoni,Finish Goods,,,PCS,,,,,,,70,14,,,